{
	"ogrenciler":[
		{
			"ad":"Betül Fatma",
			"soyad":"Erkoç",
			"dogum_yili":1990,
			"bolum":"Bilgisayar Mühendisliği"
		},
		{
			"ad":"Emine",
			"soyad":"Günay",
			"dogum_yili":1990,
			"bolum":""
		},
		{
			"ad":"Samet",
			"soyad":"Kılıç",
			"dogum_yili":1990,
			"bolum":""
		},
		{
			"ad":"Ahmet Faruk",
			"soyad":"Bişkinler",
			"dogum_yili":1990,
			"bolum":""
		},
		{
			"ad":"Merve",
			"soyad":"Okur",
			"dogum_yili":1990,
			"bolum":""
		},
		{
			"ad":"İnan Emre",
			"soyad":"Koçak",
			"dogum_yili":1990,
			"bolum":""
		},
		{
			"ad":"Yusuf",
			"soyad":"Dağlı",
			"dogum_yili":1990,
			"bolum":""
		},
		{
			"ad":"Muhammed",
			"soyad":"Dağ",
			"dogum_yili":1990,
			"bolum":""
		},
		{
			"ad":"Bilal",
			"soyad":"Tekin",
			"dogum_yili":1990,
			"bolum":""
		},
		{
			"ad":"Orhan",
			"soyad":"Toğdağ",
			"dogum_yili":1990,
			"bolum":""
		},
		{
			"ad":"Samet",
			"soyad":"Sunman",
			"dogum_yili":1990,
			"bolum":""
		},
		{
			"ad":"Ali",
			"soyad":"Koçman",
			"dogum_yili":1990,
			"bolum":""
		},
		{
			"ad":"Emin",
			"soyad":"Yıldırım",
			"dogum_yili":1990,
			"bolum":""
		},
		{
			"ad":"Dilara Şerife",
			"soyad":"Demircan",
			"dogum_yili":1990,
			"bolum":""
		}
	]
}